peptide_seq	protein_group	removed_reason
LIHPDEDISLEER	mmu_Zfp207_0026000-ORF4_CTG(1558,2788):none:1.3 PE=2	mrna_homology
LIHPDEDISLEER	mmu_Zfp207_0026000-ORF4_CTG(1558,2788):none:1.3 PE=2	mrna_homology
SAPASSAAGDQHSQGSCSSDSTER	mmu_Yaf2_0005000-ORF1(323,428):none:25.1 PE=2	mrna_homology
HLYELDGR	mmu_Uchl1_0003000-ORF3(51,198):none:25.3 PE=2	mrna_homology
MLALDQFQENYNR	mmu_Uba6_0022000-ORF2(24,84):none:18.2 PE=2	mrna_homology
NGDWVCPNPSCGNMNFAR	mmu_Taf15_0047000-ORF1(233,380):none:25.1 PE=2	mrna_homology
SGDSEVYQMGDVSQK	mmu_Ssbp1_0003000-ORF14_CTG(376,784):none:1.3|128.1 PE=2	mrna_homology
IPGFCEGGFQIK	mmu_Serinc3_0043000-ORF3(235,346):none:13.3 PE=2	mrna_homology
TLFQPQTGTYQTLAK	mmu_Sec24c_0020000-ORF3(117,264):none:25.3 PE=2	mrna_homology
NIDSVCVASVIGITGAR	mmu_Scml2_0007000-ORF20_ATG_RCT(574,1333):none:37.3 PE=2	mrna_homology
QVDVVVQHVHFDGLGR	mmu_Samm50_0011000-ORF3(93,240):none:25.3 PE=2	mrna_homology
QCAIIMFDVTSR	mmu_Rasl2-9_0001000-ORF3(111,258):none:25.3 PE=2	mrna_homology
TLSKDDVNYR	mmu_Ptdss1_0001000-ORF2(121,268):none:25.2 PE=2	mrna_homology
LGEFVDDYTVR	mmu_Psmd14_0015000-ORF3(123,270):none:25.3 PE=2	mrna_homology
GQDDAPAGGIWGFIK	mmu_Prrc1_0003000-ORF3(593,689):none:25.3 PE=2	mrna_homology
TPPAANQASDPEEK	mmu_Pcp4l1_0003000-ORF1(439,520):none:25.1 PE=2	mrna_homology
MNVGTAHSEVNPNTR	mmu_Ormdl3_0002000-ORF2(277,424):none:25.2 PE=2	mrna_homology
EASVGPAQPQLPAVLQESR	mmu_Ogdhl_0003000-ORF3(75,222):none:25.3 PE=2	mrna_homology
NTWYGEQDQAVHLWR	mmu_Nipsnap2_0014000-ORF3(35,182):none:25.3 PE=2	mrna_homology
NTWYGEQDQAVHLWR	mmu_Nipsnap2_0014000-ORF3(35,182):none:25.3 PE=2	mrna_homology
SAGGEAPQPPGAR	mmu_Nfxl1_0036000-ORF1(182,329):none:25.1 PE=2	mrna_homology
YREFPQLTR	mmu_Ndufb2_0002000-ORF2(307,454):none:25.2 PE=2	mrna_homology
YREFPQLTR	mmu_Ndufb2_0002000-ORF2(307,454):none:25.2 PE=2	mrna_homology
VVATVFGATGFLGR	mmu_Ndufa9_0012000-ORF1(44,191):none:25.1 PE=2	mrna_homology
MGLSPDGSLLAAIHFSGK	mmu_Nbas_0036000-ORF3(228,375):none:25.3 PE=2	mrna_homology
GLGFTMATEEAIIR	mmu_Mvp_0004000-ORF2(82,229):none:25.2 PE=2	mrna_homology
LQEEDGGKEEEASFK	mmu_Mdn1_0090000-ORF1(307,454):none:25.1 PE=2	mrna_homology
LQEEDGGKEEEASFK	mmu_Mdn1_0090000-ORF1(307,454):none:25.1 PE=2	mrna_homology
ISQLESLVHSLSK	mmu_Mdn1_0080000-ORF2(1504,1627):none:17.2 PE=2	mrna_homology
ISQLESLVHSLSK	mmu_Mdn1_0080000-ORF2(1504,1627):none:17.2 PE=2	mrna_homology
SHVLCKGELDQR	mmu_Mdn1_0078000-ORF3(738,885):none:25.3 PE=2	mrna_homology
SHVLCKGELDQR	mmu_Mdn1_0078000-ORF3(738,885):none:25.3 PE=2	mrna_homology
LVQDLLESHTASLQAR	mmu_Mdn1_0070000-ORF3(313,400):none:5.3 PE=2	mrna_homology
LVQDLLESHTASLQAR	mmu_Mdn1_0070000-ORF3(313,400):none:5.3 PE=2	mrna_homology
GMVDGSTCTVTPNPNFR	mmu_Mdn1_0064000-ORF2(203,293):none:25.2 PE=2	mrna_homology
KQEEADVIQEVLEK	mmu_Mdn1_0052000-ORF1(261,348):none:5.1 PE=2	mrna_homology
LYDIAHTPGVAADLSHIETR	mmu_Mdh2_0004000-ORF1(83,230):none:25.1 PE=2	mrna_homology
LSCTNCASTSAGR	mmu_March7_0003000-ORF1(389,527):none:25.1 PE=2	mrna_homology
FFTDDLFQYAGEK	mmu_Jmjd6_0006000-ORF3(120,267):none:25.3 PE=2	mrna_homology
AIDTWIESISELHR	mmu_Ift46_0008000-ORF2(271,418):none:25.2 PE=2	mrna_homology
HNNLDLVIIR	mmu_Idh3b_0005000-ORF2(59,140):none:25.2 PE=2	mrna_homology
HNNLDLVIIR	mmu_Idh3b_0005000-ORF2(59,140):none:25.2 PE=2	mrna_homology
KLDLFANVVHVK	mmu_Idh3b_0004000-ORF2(193,340):none:25.2 PE=2	mrna_homology
LAVDAVIAELKK	mmu_Hspd1-ps3_0001000-ORF3(261,408):none:25.3 PE=2	mrna_homology
LAVDAVIAELKK	mmu_Hspd1-ps3_0001000-ORF3(261,408):none:25.3 PE=2	mrna_homology
GMDNQGGYGSVGR	mmu_Hnrnph3_0017000-ORF1(47,194):none:25.1 PE=2	mrna_homology
LNSTAGASGGAYEHR	mmu_Hnrnph1_0022000-ORF1(23,134):none:13.1 PE=2	mrna_homology
LNSTAGASGGAYEHR	mmu_Hnrnph1_0022000-ORF1(23,134):none:13.1 PE=2	mrna_homology
VLGQLTETGVVSPEQFMK	mmu_Gnpnat1_0003000-ORF1(207,327):none:16.1 PE=2	mrna_homology
GTYADDCLVQR	mmu_Fcf1_0002000-ORF3(28,94):none:20.3 PE=2	mrna_homology
HSLGTLYTTSTDK	mmu_Fbxw9_0004000-ORF3(54,201):none:25.3 PE=2	mrna_homology
TLCDEVSIIR	mmu_Fbxw18_0002000-ORF3(96,243):none:25.3 PE=2	mrna_homology
FQDLTGIESMEQCR	mmu_Faf2_0001000-ORF3(12,159):none:25.3 PE=2	mrna_homology
APKDQVDSAVQELLQLK	mmu_Eprs_0046000-ORF2(9,96):none:25.2 PE=2	mrna_homology
AAGEQEKLEATNR	mmu_Dhx16_0003000-ORF3(237,384):none:25.3 PE=2	mrna_homology
AAGEQEKLEATNR	mmu_Dhx16_0003000-ORF3(237,384):none:25.3 PE=2	mrna_homology
AVTFFTEDDKPLLR	mmu_Ddx52_0009000-ORF2(153,300):none:25.2 PE=2	mrna_homology
GIDIQDVSMVVNYDMAK	mmu_Ddx23_0002000-ORF1(332,479):none:25.1 PE=2	mrna_homology
VLNTGSDVEEAVADALK	mmu_Clasp2_0032000-ORF2(161,278):none:25.2 PE=2	mrna_homology
APELLFGAR	mmu_Cdk7_0010000-ORF2(149,260):none:13.2 PE=2	mrna_homology
PFSLDALAK	mmu_Cct6a_0011000-ORF2(125,215):none:25.2 PE=2	mrna_homology
TPSPLILDQNYINTK	mmu_Ccnl1_0009000-ORF2(623,698):none:1.2 PE=2	mrna_homology
YEVNFQNGIECGGAYVK	mmu_Canx_0027000-ORF2(435,528):none:7.2 PE=2	mrna_homology
LQDGLDQYER	mmu_Armh3_0001000-ORF3(121,214):none:25.3 PE=2	mrna_homology
GKTAVEAADDIISHHLPR	mmu_Amdhd1_0001000-ORF2(532,679):none:25.2 PE=2	mrna_homology
LGEYGFQNAI	mmu_Alb_0046000-ORF3(180,327):none:25.3 PE=2	mrna_homology
PNAIVQSVGVSGGR	mmu_Aifm1_0004000-ORF3(63,210):none:25.3 PE=2	mrna_homology
YSGSAGTAVGAYDAPR	mmu_Afdn_0108000-ORF2(429,573):none:25.2 PE=2	mrna_homology
ALFQPSFLGMESCGIHETTFNSIMK	mmu_Actb_0008000-ORF2(160,307):none:25.2 PE=2	mrna_homology
PPDALILESPFTNIREEAK	mmu_Abhd12_0005000-ORF3(370,502):none:25.3 PE=2	mrna_homology
