Output_ORF	Source_ORF	Source_AA_Seq	Source_NT_Seq
mmu_Pabpc4_0001000-ORF3(394,478):none:25.3	mmu_Pabpc4_0001000-ORF10_GTG(376,481):none:31.3	VNLYIKNLDDTIDDEKLRREFSPFGSITSAKVRG	GTGAATCTCTACATTAAGAACTTGGATGACACCATTGATGATGAGAAATTGAGGAGAGAGTTTTCTCCCTTTGGATCAATCACCAGCGCGAAGGTTCGTGGG
mmu_Pabpc4_0001000-ORF2(446,542):none:8.2	mmu_Pabpc4_0001000-ORF13_TTG(446,950):none:8.2|164.3	LDQSPARRFVGRFKSRKEREAELGAKAKEFTNVYIKNFGEEVDDGNLKELFSQFGKTLSVKVMRDSSGKSKGFGFVSYEKHEDANKAVEEMNGKEMSGKAIFVGRAQKKVERQAELKRKFEQLKQERISRYQGVNLYIKNLDDTIDDEKLRREFSPFGSITSAKVRG	TTGGATCAATCACCAGCGCGAAGGTTCGTGGGTAGATTCAAGTCTCGCAAAGAGCGGGAAGCGGAGCTTGGAGCCAAGGCCAAGGAATTCACCAATGTTTATATCAAAAACTTTGGAGAAGAGGTGGATGATGGGAATCTGAAAGAGCTCTTCAGCCAGTTTGGTAAGACCCTAAGTGTCAAGGTGATGAGAGACTCCAGTGGGAAGTCCAAAGGCTTTGGCTTTGTAAGTTACGAGAAACACGAGGATGCCAATAAGGCTGTGGAAGAAATGAATGGAAAGGAAATGAGCGGGAAAGCCATATTTGTAGGCCGTGCACAGAAAAAGGTAGAAAGGCAGGCTGAGCTGAAGCGGAAGTTTGAGCAGCTCAAGCAGGAGAGGATTAGCCGGTACCAGGGGGTGAATCTCTACATTAAGAACTTGGATGACACCATTGATGATGAGAAATTGAGGAGAGAGTTTTCTCCCTTTGGATCAATCACCAGCGCGAAGGTTCGTGGG
mmu_Btaf1_0045000-ORF3(192,339):none:25.3	mmu_Btaf1_0045000-ORF2_ATG_RCT(45,384):none:74.3	MSNRQKNKAKRMAKLFAKQRSRDAVETNEKSNDSTDGEPEEKRRKVANVVINQTASDSKVLIDNVPESSSLIEETLQAAELIDSEFRAGMSNRQKNKAKRMAKLFAKQRSRDA	ATGAGTAATAGACAGAAGAACAAAGCTAAAAGAATGGCCAAGTTATTTGCAAAACAGAGATCCAGGGATGCAGTGGAAACGAATGAGAAGAGCAATGACAGCACTGATGGAGAGCCAGAAGAAAAGAGACGGAAAGTAGCAAATGTTGTTATTAATCAGACTGCAAGTGATTCCAAAGTCTTGATAGATAATGTTCCAGAAAGTTCTTCCTTAATTGAAGAGACTCTCCAAGCAGCTGAATTGATTGATTCAGAATTCCGAGCAGGAATGAGTAATAGACAGAAGAACAAAGCTAAAAGAATGGCCAAGTTATTTGCAAAACAGAGATCCAGGGATGCA
mmu_Btaf1_0045000-ORF2(259,286):none:3.2	mmu_Btaf1_0045000-ORF6_TTG(259,289):none:3.2	LKRLSKQLN	TTGAAGAGACTCTCCAAGCAGCTGAAT
mmu_Mdn1_0010000-ORF3(168,315):none:25.3	mmu_Mdn1_0010000-ORF4_TTG_RCT(54,369):none:63.3	LVESVCKNLQLLAVSVASQNAVLLEGPIGSGKTSLVEHLAAVTGRTKPPQLLKVQLGDQTDSKASDRSSSLEQELALKSFVLVESVCKNLQLLAVSVASQNAVLL	TTGGTTGAGTCTGTGTGTAAAAATCTTCAGCTGCTAGCTGTTTCAGTGGCTTCTCAAAATGCTGTGTTGTTGGAAGGACCAATAGGAAGTGGCAAAACCTCCTTAGTTGAACATTTAGCTGCAGTGACTGGTAGAACGAAACCTCCTCAGCTTCTCAAAGTCCAGCTTGGAGATCAGACAGACAGCAAGGCAAGTGACAGGAGTTCTTCCCTGGAACAGGAGCTGGCTCTTAAGTCCTTTGTGTTGGTTGAGTCTGTGTGTAAAAATCTTCAGCTGCTAGCTGTTTCAGTGGCTTCTCAAAATGCTGTGTTGTTG
mmu_Mdn1_0010000-ORF2(181,316):none:21.2	mmu_Mdn1_0010000-ORF12_CTG(181,334):none:21.2	LVERNLLSFSKSSLEIRQTARQVTGVLPWNRSWLLSPLCWLSLCVKIFSC	CTGGTAGAACGAAACCTCCTCAGCTTCTCAAAGTCCAGCTTGGAGATCAGACAGACAGCAAGGCAAGTGACAGGAGTTCTTCCCTGGAACAGGAGCTGGCTCTTAAGTCCTTTGTGTTGGTTGAGTCTGTGTGTAAAAATCTTCAGCTGC
mmu_Sypl_0001000-ORF3(261,408):none:25.3	mmu_Sypl_0001000-ORF3_TTG_RCT(129,537):none:69.3	LNQASFHTPPNVSVCDVNWEKHVLIGDYSSSAQFYVTFAVFVFLYCIAALLLYVGYTNLYRDSRKLPMIFASIFAFATCGGFKGKTEIQVNCPKVGVNKNQTVTATFGYPFRLNQASFHTPPNVSVCDVNWEKHVL	TTGAATCAGGCATCATTTCATACACCTCCAAATGTCAGTGTGTGTGACGTGAACTGGGAAAAGCATGTTCTCATAGGTGATTACTCCTCTTCTGCACAGTTCTACGTTACGTTTGCAGTCTTTGTGTTCCTGTACTGCATTGCTGCCCTTCTGCTCTATGTTGGTTACACGAACCTCTACCGGGATAGTCGCAAACTGCCCATGATCTTTGCCTCCATCTTTGCTTTTGCCACCTGTGGTGGGTTTAAGGGCAAAACAGAAATTCAAGTGAACTGTCCTAAAGTTGGTGTCAATAAGAACCAGACTGTGACAGCTACTTTTGGTTATCCATTCAGGTTGAATCAGGCATCATTTCATACACCTCCAAATGTCAGTGTGTGTGACGTGAACTGGGAAAAGCATGTTCTC
mmu_Acat1_0017000-ORF3(384,531):none:25.3	mmu_Acat1_0017000-ORF4_ATG_RCT(150,681):none:103.3	MGNVIQGGEGQAPTRQATLGAGLPISTPCTTVNKVCASGMKAIMMASQSLMCGHQDVMVAGGMESMSNVPYVMSRGATPYGGVKLEDLIVKDGLTDVYNKIHMEVVIVSAIRTPIGSFLGSLASQPATKLGTAAIQGAIEKAGIPKEEVKEVYMGNVIQGGEGQAPTRQATLGAGLP	ATGGGCAATGTCATCCAAGGGGGTGAAGGACAGGCCCCTACCAGGCAAGCAACACTGGGCGCAGGTTTACCTATTTCCACTCCATGCACCACAGTAAACAAGGTTTGTGCTTCAGGAATGAAAGCCATCATGATGGCCTCTCAAAGTCTTATGTGTGGACATCAGGATGTGATGGTGGCAGGCGGGATGGAGAGCATGTCCAATGTCCCATACGTAATGAGCAGAGGAGCAACACCATATGGTGGGGTAAAACTTGAAGACCTGATTGTAAAAGACGGGCTAACTGATGTCTACAATAAAATTCATATGGAAGTGGTTATAGTAAGTGCTATAAGAACTCCCATTGGATCCTTCCTGGGCAGCCTTGCCTCTCAGCCGGCCACTAAACTTGGTACTGCTGCAATTCAGGGAGCCATTGAGAAGGCAGGGATTCCAAAAGAAGAAGTGAAGGAAGTCTACATGGGCAATGTCATCCAAGGGGGTGAAGGACAGGCCCCTACCAGGCAAGCAACACTGGGCGCAGGTTTACCT
mmu_Acat1_0017000-ORF2(433,469):none:9.2	mmu_Acat1_0017000-ORF17_CTG(433,472):none:9.2	LMSTIKFIWKWL	CTGATGTCTACAATAAAATTCATATGGAAGTGGTTA
mmu_Scml2_0016000-ORF1(581,728):none:25.1	mmu_Scml2_0016000-ORF1_TTG_RCT(56,782):none:200.1	LKDCRGEAAEEPGTSAFTFGDENRTLKDCQGGWKKPKGRGFIKPGKDETRPGKHDQGAPAGKKPRGRGFTQPLEDEARPGRDVQVAPAEKKRKGKTVTTPWTEDPRLFADQGDAPAEKKRKGKTVTTPWTEDPRLFADQGDAPAEKKRKGKTVTTPWTEDPRLFADQGAAPAEKKRKGKTVTTPWTEDPRLFADQGDAPEAAEEPGTSVLTFGDENRTLKDCRGEAAEEPGTSAFTFGDENR	TTGAAAGATTGCCGAGGAGAAGCTGCAGAAGAACCTGGGACCAGTGCATTTACTTTTGGAGATGAAAACAGAACTTTGAAAGATTGCCAAGGAGGTTGGAAAAAACCCAAGGGCAGAGGATTCATCAAACCTGGAAAAGATGAAACCAGACCTGGGAAACATGACCAAGGAGCCCCAGCTGGGAAAAAACCCAGGGGCAGAGGATTCACCCAACCTTTGGAAGATGAAGCCAGACCAGGAAGAGATGTCCAAGTAGCCCCAGCTGAGAAAAAACGCAAGGGCAAAACAGTCACCACACCTTGGACTGAGGATCCCAGACTTTTTGCAGATCAAGGAGATGCCCCAGCTGAGAAAAAACGCAAGGGCAAAACAGTCACCACACCTTGGACTGAGGATCCCAGACTTTTTGCAGATCAAGGAGATGCCCCAGCTGAGAAAAAACGCAAGGGCAAAACAGTCACCACACCTTGGACTGAGGATCCCAGACTTTTTGCAGATCAAGGAGCAGCCCCAGCTGAGAAAAAACGCAAGGGCAAAACAGTCACCACACCTTGGACTGAGGATCCCAGACTTTTTGCAGATCAAGGAGATGCCCCAGAAGCTGCAGAAGAACCTGGGACCAGTGTACTTACTTTTGGAGATGAAAACAGAACTTTGAAAGATTGCCGAGGAGAAGCTGCAGAAGAACCTGGGACCAGTGCATTTACTTTTGGAGATGAAAACAGA
mmu_Scml2_0016000-ORF3(579,711):none:25.3	mmu_Scml2_0016000-ORF15_CTG(570,714):none:28.3	LRKNARAKQSPHLGLRIPDFLQIKEMPQKLQKNLGPVYLLLEMKTEL	CTGAGAAAAAACGCAAGGGCAAAACAGTCACCACACCTTGGACTGAGGATCCCAGACTTTTTGCAGATCAAGGAGATGCCCCAGAAGCTGCAGAAGAACCTGGGACCAGTGTACTTACTTTTGGAGATGAAAACAGAACTT
mmu_Ybx2_0003000-ORF1(64,211):none:25.1	mmu_Ybx2_0003000-ORF3_GTG(49,247):none:30.1	VEGEKGAEAANVTGPGGVPVKGSRYAPNRRSFCGVLEMGRLWSLMSWKERRVQKLLMSLGLGGYQ	GTGGAAGGAGAGAAGGGTGCAGAAGCTGCTAATGTCACTGGGCCTGGGGGGGTACCAGTGAAGGGCAGCCGCTATGCCCCTAATCGACGAAGTTTCTGCGGAGTGTTGGAGATGGGGAGACTGTGGAGTTTGATGTCGTGGAAGGAGAGAAGGGTGCAGAAGCTGCTAATGTCACTGGGCCTGGGGGGGTACCAG
mmu_Ybx2_0003000-ORF3(122,179):none:5.3	mmu_Ybx2_0003000-ORF5_ATG(122,182):none:5.3	MPLIDEVSAECWRWGDCGV	ATGCCCCTAATCGACGAAGTTTCTGCGGAGTGTTGGAGATGGGGAGACTGTGGAGTT
mmu_Cadm1_0035000-ORF1(200,347):none:25.1	mmu_Cadm1_0035000-ORF2_ATG_RCT(23,368):none:84.1	MTYPLQGLTREGDAFELTCEAIGKPQPVMVTWVRVDDEMPQHAVLSGPNLFINNLNKTDNGTYRCEASNIVGKAHSDYMLYVYDKPQVHIQMTYPLQGLTREGDAFELTCEAIGK	ATGACTTACCCTCTGCAAGGCCTAACCCGGGAAGGGGATGCATTTGAGTTAACGTGTGAAGCCATCGGGAAGCCCCAGCCTGTGATGGTAACTTGGGTGAGAGTCGATGATGAAATGCCTCAACATGCCGTACTGTCTGGGCCAAACCTGTTCATCAATAACCTAAACAAAACAGATAACGGTACTTACCGCTGTGAGGCTTCCAACATAGTGGGAAAGGCTCATTCGGACTATATGCTGTATGTATACGATAAACCGCAAGTGCATATCCAGATGACTTACCCTCTGCAAGGCCTAACCCGGGAAGGGGATGCATTTGAGTTAACGTGTGAAGCCATCGGGAAG
mmu_Cadm1_0035000-ORF3(264,297):none:3.3	mmu_Cadm1_0035000-ORF13_ATG(264,300):none:3.3	MYTINRKCISR	ATGTATACGATAAACCGCAAGTGCATATCCAGA
mmu_Cltc_0039000-ORF3(435,582):none:25.3	mmu_Cltc_0039000-ORF1_ATG_RCT(27,609):none:161.3	MFTHYDRAHIAQLCEKAGLLQRALEHFTDLYDIKRAVVHTHLLNPEWLVNYFGSLSVEDSLECLRAMLSANIRQNLQICVQVASKYHEQLSTQSLIELFESFKSFEGLFYFLGSIVNFSQDPDVHFKYIQAACKTGQIKEVERICRESNCYDPERVKNFLKVADAILGNQMFTHYDRAHIAQLCEKAGLLQRAL	ATGTTCACCCACTATGACCGGGCTCATATCGCCCAGCTGTGTGAGAAGGCGGGCCTGCTGCAGCGTGCATTAGAACACTTCACCGATTTATATGACATAAAACGTGCAGTTGTTCATACCCATCTTCTTAACCCTGAGTGGTTAGTGAATTACTTTGGGTCCTTATCAGTTGAAGATTCCCTAGAATGCCTCAGAGCCATGCTGTCAGCTAATATTCGTCAAAATCTACAGATCTGTGTTCAGGTGGCTTCTAAATATCACGAACAGCTGTCAACTCAGTCTCTGATTGAGCTCTTTGAATCATTCAAGAGTTTTGAAGGTCTCTTTTATTTTCTGGGGTCCATTGTTAACTTTAGTCAGGACCCAGATGTGCACTTTAAATATATTCAGGCGGCTTGCAAGACTGGGCAAATCAAAGAAGTGGAAAGAATCTGCAGAGAAAGCAACTGCTATGATCCCGAGCGAGTCAAGAATTTTCTCAAGGTTGCAGATGCCATTCTCGGGAATCAGATGTTCACCCACTATGACCGGGCTCATATCGCCCAGCTGTGTGAGAAGGCGGGCCTGCTGCAGCGTGCATTA
mmu_Cltc_0039000-ORF2(436,583):none:25.2	mmu_Cltc_0039000-ORF18_CTG(430,610):none:27.2	LGKSKKWKESAEKATAMIPSESRIFSRLQMPFSGIRCSPTMTGLISPSCVRRRACCSVH	CTGGGCAAATCAAAGAAGTGGAAAGAATCTGCAGAGAAAGCAACTGCTATGATCCCGAGCGAGTCAAGAATTTTCTCAAGGTTGCAGATGCCATTCTCGGGAATCAGATGTTCACCCACTATGACCGGGCTCATATCGCCCAGCTGTGTGAGAAGGCGGGCCTGCTGCAGCGTGCAT
mmu_Dnajc13_0091000-ORF3(352,430):none:25.3	mmu_Dnajc13_0091000-ORF7_CTG(331,433):none:32.3	LCSYDYRNIEGFVDLSDYQGGFCILYGGFSRLV	CTGTGTTCCTATGACTACAGGAATATTGAAGGCTTCGTAGATCTCTCTGATTATCAGGGAGGATTTTGTATACTCTATGGAGGATTTAGTAGATTGGTA
mmu_Dnajc13_0091000-ORF2(377,500):none:17.2	mmu_Dnajc13_0091000-ORF8_CTG(377,860):none:17.2|159.3	LIIREDFVYSMEDLVDWYKRVFSVGTHAVTTYNPNTLEVTNQWPYGDICSISPVGKGQGTEFNLTFRKGSGKKSETLKFSTEHRTELLTEALRYNCYKHHWSDAKKPVVLEVTPGGFDQINPVTNRVLCSYDYRNIEGFVDLSDYQGGFCILYGGFSRLV	CTGATTATCAGGGAGGATTTTGTATACTCTATGGAGGATTTAGTAGATTGGTATAAACGAGTCTTTTCAGTTGGAACCCATGCAGTTACTACCTATAATCCCAATACCTTAGAAGTAACAAATCAGTGGCCTTATGGAGACATTTGTAGCATCAGCCCTGTTGGGAAAGGACAAGGAACAGAGTTCAACCTCACATTTCGTAAAGGCAGTGGGAAGAAGTCAGAAACGTTGAAGTTTTCTACAGAGCACAGAACAGAGCTGCTTACGGAGGCTTTGAGATATAACTGCTACAAGCATCACTGGAGCGATGCAAAGAAACCTGTGGTTTTGGAAGTAACTCCTGGAGGCTTTGACCAAATAAATCCTGTAACCAACAGAGTGCTGTGTTCCTATGACTACAGGAATATTGAAGGCTTCGTAGATCTCTCTGATTATCAGGGAGGATTTTGTATACTCTATGGAGGATTTAGTAGATTGGTA
mmu_Mipep_0004000-ORF1(1281,1371):none:25.1	mmu_Mipep_0004000-ORF44_ATG(1278,1374):none:26.1	MENLFHEMGHAMHSMLGRTRYQHVTGSFWSS	ATGGAAAATCTCTTCCATGAAATGGGCCATGCCATGCATTCAATGCTTGGACGAACTCGGTACCAACATGTCACTGGGTCTTTTTGGAGTTCC
mmu_Mipep_0004000-ORF3(1294,1426):none:20.3	mmu_Mipep_0004000-ORF45_ATG_RCT(1294,2722):none:20.3|472.1	MKWAMPCIQCLDELGTNMSLGLFGVPELSTPEGFQVAQEEALKKTEWLVERACSTPPGPQTVLIFDELSDCLCRVADLADFVKIGHPDPAFREAAQEACRSIGTMVEKLNTNVELYQSLQRLLGDKKLMESLDAETRRVAELFMFDFEISGIHLDEEKRRRAVDLNVKILDLSNAFLMRTNFPNKIRKSLLPEHIQHHFARDGSHLIIDGLHAEASDDLVREAAYKIFLYPNADQLKCLEELLSSRDLLAKLVGYSTFSHRALQGTIAQTPETVMQFLEKLSEKLSERTRKDFKMMQGMKTKLNPQNSKLMPWDPPYYSGVIRAERYNIEPSLYCPFLSLGACMEGLNVLFNKLLGITLYAEQTFKGEVWCNDIRKLAVVHESEGLLGYIYCDFFQRANKPQQDCHFTIRGGRLKEDGSYQLPVVVLMLNLPHASRDFPTLLTPGMMENLFHEMGHAMHSMLGRTRYQHVTGSFWS	ATGAAATGGGCCATGCCATGCATTCAATGCTTGGACGAACTCGGTACCAACATGTCACTGGGTCTTTTTGGAGTTCCTGAGCTCAGCACCCCTGAAGGATTCCAAGTTGCCCAAGAGGAAGCCTTGAAGAAGACGGAGTGGCTGGTAGAGCGAGCATGTTCCACACCCCCAGGGCCACAGACAGTCCTCATTTTTGACGAACTCTCGGATTGCCTGTGCAGAGTGGCTGACTTGGCGGACTTTGTGAAAATTGGACACCCAGACCCTGCATTCAGAGAGGCTGCGCAAGAGGCCTGCAGAAGTATTGGCACCATGGTGGAAAAGTTGAATACAAACGTGGAGCTGTATCAGAGTCTGCAAAGGTTACTGGGTGATAAGAAGCTTATGGAGTCCCTTGATGCGGAAACCAGGCGAGTGGCCGAACTATTTATGTTTGATTTTGAAATCAGTGGAATCCATCTAGATGAAGAAAAGCGCAGAAGAGCAGTGGACCTCAATGTTAAGATCTTGGACTTGAGCAATGCTTTCCTCATGAGAACCAACTTTCCCAACAAGATCCGGAAGAGTCTCTTACCAGAGCACATTCAGCACCACTTTGCCCGTGACGGAAGCCACTTAATCATTGACGGCCTGCATGCAGAAGCCTCCGATGACTTGGTTCGGGAGGCTGCTTATAAAATTTTCCTTTATCCCAATGCCGATCAGTTGAAATGTTTAGAGGAATTGCTAAGCAGCAGAGACCTTCTGGCAAAATTAGTAGGTTATTCTACATTTTCCCACAGGGCCCTCCAAGGAACCATAGCTCAGACTCCAGAGACTGTCATGCAGTTCCTTGAGAAGCTATCTGAAAAGCTCTCTGAAAGAACTAGAAAAGATTTCAAGATGATGCAAGGAATGAAAACAAAACTAAATCCTCAAAATTCTAAACTAATGCCTTGGGACCCTCCCTACTACAGCGGTGTGATTCGTGCAGAGAGGTATAATATTGAGCCCAGTTTATACTGCCCGTTTTTATCCCTTGGAGCTTGCATGGAAGGCCTGAATGTCTTATTTAACAAACTGCTGGGCATCACCTTATATGCAGAGCAGACCTTCAAAGGAGAGGTGTGGTGTAATGACATCCGGAAGCTGGCTGTTGTTCATGAATCTGAAGGGCTGCTGGGGTACATTTACTGTGATTTTTTCCAGAGAGCAAACAAGCCACAGCAGGATTGCCACTTCACCATCCGAGGAGGCAGATTAAAGGAAGATGGCAGCTATCAGCTTCCAGTGGTCGTTCTCATGCTGAATCTTCCTCATGCTTCCAGGGATTTCCCTACATTATTAACTCCAGGAATGATGGAAAATCTCTTCCATGAAATGGGCCATGCCATGCATTCAATGCTTGGACGAACTCGGTACCAACATGTCACTGGGTCTTTTTGGAGT
mmu_Mdn1_0088000-ORF2(148,295):none:25.2	mmu_Mdn1_0088000-ORF2_ATG_RCT(115,409):none:36.2	MGTIERCKGFSAHLMKLLIRQRHSLTTLTEQWIILRLLTEISSLWDGCQKYFYRSLARHTRLTAALATPVKEVSMGTIERCKGFSAHLMKLLIRQRHS	ATGGGTACCATTGAGAGATGCAAAGGGTTCTCAGCCCACTTGATGAAGCTGCTCATCCGACAGCGTCACTCTCTGACCACACTGACTGAGCAGTGGATCATCCTCAGGCTCCTCACAGAAATTTCATCTTTGTGGGATGGGTGCCAGAAGTACTTTTATCGCTCTCTTGCACGGCACACCAGGCTTACTGCAGCACTAGCAACTCCTGTCAAGGAAGTCAGCATGGGTACCATTGAGAGATGCAAAGGGTTCTCAGCCCACTTGATGAAGCTGCTCATCCGACAGCGTCACTCT
mmu_Mdn1_0088000-ORF1(200,296):none:8.1	mmu_Mdn1_0088000-ORF8_CTG(200,314):none:8.1	LSSGSSSGSSQKFHLCGMGARSTFIALLHGTPGLLQH	CTGAGCAGTGGATCATCCTCAGGCTCCTCACAGAAATTTCATCTTTGTGGGATGGGTGCCAGAAGTACTTTTATCGCTCTCTTGCACGGCACACCAGGCTTACTGCAGCAC
mmu_Mdn1_0088000-ORF3(207,294):none:5.3	mmu_Mdn1_0088000-ORF9_GTG(207,351):none:5.3	VDHPQAPHRNFIFVGWVPEVLLSLSCTAHQAYCSTSNSCQGSQHGYH	GTGGATCATCCTCAGGCTCCTCACAGAAATTTCATCTTTGTGGGATGGGTGCCAGAAGTACTTTTATCGCTCTCTTGCACGGCACACCAGGCTTACTGCAGCACTAGCAACTCCTGTCAAGGAAGTCAGCATGGGTACCAT
